epoch,avg_loss
1,0.12485580504180167
2,0.11704260299478975
